ID,Name
00001,Twitterbridge
00002,Thoughtsphere
00003,Photobug
00004,Jatri
00005,Trunyx
00006,Wikivu
00007,Divavu
00008,Flashdog
00009,Bluejam
00010,Twitterworks
00011,Aimbu
00012,Zoomzone
00013,Demizz
00014,Mybuzz
00015,Tavu
00016,Zooxo
00017,Riffpedia
00018,Livepath
00019,Skyba
00020,Ailane
00021,Ntag
00022,Photobug
00023,Quire
00024,Gigashots
00025,Devshare
00026,Livetube
00027,Tagtune
00028,Topiclounge
00029,Meetz
00030,Trupe
00031,Kanoodle
00032,Blognation
00033,Pixope
00034,Tambee
00035,Lazz
00036,Skilith
00037,Buzzster
00038,Skipfire
00039,Oyoba
00040,Skinte
00041,Demimbu
00042,Kwimbee
00043,Mynte
00044,Dabshots
00045,Divavu
00046,Buzzshare
00047,Quimm
00048,Thoughtstorm
00049,Izio
00050,Youspan