SKU,Description
647-vyk-317,Walkers Special Old Whiskey
280-oad-768,Bread - Raisin
165-rcy-650,Tea - Decaf 1 Cup
167-eol-949,Cheese - Grana Padano
650-epd-782,Carbonated Water - Lemon Lime
554-ary-441,Oven Mitts - 15 Inch
602-hcd-933,Salt - Seasoned
663-gmy-470,Calypso - Pineapple Passion
476-vvb-087,"Chicken - White Meat, No Tender"
227-xgd-909,Pork - Side Ribs
596-aby-305,Vinegar - White Wine
463-qkp-343,Cheese - Mozzarella
976-nfz-866,Beef - Inside Round
195-clx-193,Cranberry Foccacia
449-rmz-353,Cumin - Ground
961-qng-954,Salmon Steak - Cohoe 6 Oz
109-txj-287,Chick Peas - Canned
647-dix-977,Sprouts - Brussel
484-xgh-467,Beef - Flank Steak
814-qbg-955,Fond - Chocolate
585-bgv-004,Tuna - Sushi Grade
096-nig-847,Kellogs Cereal In A Cup
422-ciy-366,Beef - Texas Style Burger
924-yeh-532,Appetizer - Asian Shrimp Roll
224-vsr-961,Basil - Pesto Sauce
239-lnj-712,Pepper - Green Thai
749-uqa-670,Iced Tea Concentrate
813-sib-196,Appetizer - Seafood Assortment
617-iif-091,Flour Pastry Super Fine
421-bao-041,Squid Ink
626-dep-560,Basil - Seedlings Cookstown
543-fmz-111,"Ecolab - Orange Frc, Cleaner"
969-dwk-400,Soup - Campbells Chili Veg
441-nvf-074,"Oil - Truffle, White"
753-acv-894,Dawn Professionl Pot And Pan
618-wsf-939,Wasabi Paste
563-bgj-690,Cattail Hearts
102-sqq-045,Soup - Tomato Mush. Florentine
969-dai-256,"Salmon - Atlantic, Fresh, Whole"
301-klz-141,"Soup - Canadian Pea, Dry Mix"
754-ukj-134,Wine - Chardonnay Mondavi
610-gcy-803,Vodka - Smirnoff
882-iya-519,Wine - Ruffino Chianti Classico
830-oeq-127,Mushroom Morel Fresh
233-ntr-473,Nori Sea Weed - Gold Label
367-vcz-844,The Pop Shoppe Pinapple
597-edc-442,Brandy - Bar
551-iub-145,"Wine - White, French Cross"
142-mrk-968,Wine - Prosecco Valdobienne
668-kak-975,Cardamon Seed / Pod
213-pyg-946,Dried Cherries
577-ipv-610,Pasta - Orecchiette
562-htk-130,Gelatine Leaves - Bulk
234-gjm-498,Cactus Pads
757-tmo-482,Onions - Cooking
306-zfd-613,Cup - 8oz Coffee Perforated
734-kry-052,"Mushroom - Trumpet, Dry"
749-pjr-418,Table Cloth 54x54 White
138-fcz-960,"Pork - Bacon, Double Smoked"
577-onc-722,Quail - Jumbo Boneless
729-dbt-074,Wine - Barbera Alba Doc 2001
150-jws-961,Ham - Procutinni
598-hus-225,Appetizer - Sausage Rolls
847-jbo-160,Cheese - Comte
125-qev-277,Puree - Passion Fruit
267-pjd-322,Sugar - Crumb
264-bgs-159,"Octopus - Baby, Cleaned"
281-xlp-823,"Stock - Veal, Brown"
771-mwy-740,Banana Turning
370-xyi-546,Mousse - Mango
811-ekb-112,Bay Leaf Ground
050-pmw-133,Icecream Cone - Areo Chocolate
234-nfe-412,Coffee - Almond Amaretto
955-vdr-617,Pepper - Sorrano
615-pkg-978,Bandage - Flexible Neon
779-nej-689,Apple - Northern Spy
443-jrz-507,V8 - Vegetable Cocktail
782-woj-623,Chicken Breast Wing On
706-xzv-074,"Juice - Grapefruit, 341 Ml"
207-nzv-108,Chicken - Wieners
949-nxp-334,Muffin - Blueberry Individual
643-eip-922,Ginger - Ground
472-obg-156,Basil - Pesto Sauce
896-kzs-565,Ice Cream Bar - Drumstick
441-hsd-463,"Pork - Sausage, Medium"
119-wwf-892,Anisette - Mcguiness
266-oqw-341,Wine - Penfolds Koonuga Hill
122-tbv-897,Glass Clear 8 Oz
233-jcs-353,Campari
058-pte-977,"Tart Shells - Savory, 4"
084-cqb-144,"Mustard - Dry, Powder"
452-msb-297,Squash - Pepper
263-dix-628,Mushroom - King Eryingii
276-hza-287,Rosemary - Dry
887-ruo-316,Jameson Irish Whiskey
216-tvy-728,"Vermacelli - Sprinkles, Assorted"
517-ubb-596,"Coconut - Shredded, Unsweet"
296-ysj-608,Wine - Cave Springs Dry Riesling
612-gel-220,Tart - Lemon
808-tja-549,Nacho Chips
897-axs-091,Ostrich - Fan Fillet
932-cch-581,Pepperoni Slices
622-uaj-939,Muffin Orange Individual
615-rnw-478,Wine - Conde De Valdemar
700-uau-817,"Wine - Red, Metus Rose"
979-haz-287,Calaloo
924-lhq-868,Anchovy Paste - 56 G Tube
172-gtc-683,"Pepper - Julienne, Frozen"
607-xae-672,Carbonated Water - Lemon Lime
696-sun-892,Miso Paste White
765-ves-537,Plate Pie Foil
653-gbf-078,"Turnip - White, Organic"
482-ezq-521,Chocolate Eclairs
459-hkz-905,"Salmon - Whole, 4 - 6 Pounds"
035-pto-580,Pheasants - Whole
167-dxq-915,Wine - Chablis J Moreau Et Fils
925-oia-175,Muffin - Zero Transfat
530-tsc-569,Tart - Butter Plain Squares
874-wpr-766,"Beef - Cooked, Corned"
643-fuq-233,Soho Lychee Liqueur
987-cym-946,Ecolab Silver Fusion
189-nmr-008,"Pasta - Spaghetti, Dry"
758-yso-120,Chevril
822-rrw-004,Pepper - Chili Powder
654-vgt-175,"Bag - Bread, White, Plain"
005-bva-929,Chevere Logs
209-xst-579,Table Cloth 54x54 Colour
327-ask-797,Glass Clear 7 Oz Xl
823-usm-001,Tofu - Soft
744-eeg-295,Lettuce - Iceberg
343-wzq-904,Coffee - Decafenated
066-fzb-628,Bread - Focaccia Quarter
265-dqf-789,Bag - Clear 7 Lb
636-fim-848,Dikon
267-egk-632,Table Cloth 53x69 White
994-qth-828,Bread Sour Rolls
742-fgh-041,Clams - Bay
065-ybb-528,"Vermouth - White, Cinzano"
419-cws-447,Onions - Red
487-mny-012,Lobak
235-xjz-027,Steampan - Foil
145-hdm-931,"Pasta - Fusili, Dry"
523-yfv-689,"Vermacelli - Sprinkles, Assorted"
503-adf-580,Coffee Decaf Colombian
863-jyf-441,Wine - Marlbourough Sauv Blanc
074-ryn-448,Muffins - Assorted
101-gds-855,Bread - Triangle White
348-jgp-699,Kellogs All Bran Bars
896-lxo-477,"Pasta - Cappellini, Dry"
769-fqi-378,Pasta - Orecchiette
456-opo-124,V8 Splash Strawberry Banana
554-opt-876,Lamb - Loin Chops
221-feh-082,Puree - Strawberry
738-gdk-062,"Beef - Ox Tongue, Pickled"
780-lrt-392,Bread - English Muffin
479-xef-149,"Sauce - Gravy, Au Jus, Mix"
980-sng-384,"Pork - Loin, Center Cut"
060-mav-259,Chutney Sauce - Mango
509-cpw-115,"Potatoes - Yukon Gold, 80 Ct"
952-zep-019,Wine - Chardonnay Mondavi
041-dct-775,Wine - Tio Pepe Sherry Fino
550-fee-923,Table Cloth 53x69 White
104-zwc-561,Kiwano
212-ujy-006,Bread - French Stick
273-cjk-576,Chocolate Bar - Coffee Crisp
808-emr-276,Soy Protein
879-mzg-820,Lettuce - Boston Bib - Organic
590-rnw-573,Flour - Teff
348-wyn-159,Pastry - Cherry Danish - Mini
498-pyj-547,Worcestershire Sauce
400-ags-892,Ice Cream - Vanilla
051-txj-391,Cake - Dulce De Leche
414-kjm-683,Eggplant - Asian
109-ztt-959,"Tortillas - Flour, 12"
919-pds-626,Longos - Chicken Wings
602-mmx-628,Cheese - Stilton
441-cyc-331,"Pepper - Black, Whole"
883-dyz-958,Lighter - Bbq
782-hig-650,"Lid - High Heat, Super Clear"
872-cwi-262,Capers - Ox Eye Daisy
613-vuf-695,Veal - Striploin
287-gsy-359,"Wine - Saint - Bris 2002, Sauv"
751-lxc-805,Country Roll
293-iws-107,Lettuce - Red Leaf
483-ldz-051,Sponge Cake Mix - Chocolate
415-uih-623,Cheese - St. Andre
955-lfw-472,Chicken Thigh - Bone Out
680-smk-014,"Soup - Knorr, French Onion"
968-mkj-221,Beef - Top Sirloin
411-luc-605,Jameson Irish Whiskey
206-wht-104,Dc Hikiage Hira Huba
556-xju-509,Chips Potato All Dressed - 43g
673-mbn-468,Spinach - Spinach Leaf
973-nam-222,"Shrimp - Baby, Cold Water"
829-mud-275,Ecolab Silver Fusion
537-frh-795,"Star Anise, Whole"
210-pub-010,Beef - Tenderloin
629-nte-295,Sprouts Dikon
390-hft-969,"Bread - White, Unsliced"
324-oso-918,Salmon - Sockeye Raw
148-hlu-423,Wine - White Cab Sauv.on
358-osp-397,Pail With Metal Handle 16l White
208-tsz-487,"Pasta - Spaghetti, Dry"
660-jyo-549,Bread Crumbs - Japanese Style
393-gfu-492,Mince Meat - Filling
343-ysr-007,Pickles - Gherkins
618-wsf-939,Wasabi Paste
714-wvj-004,Monkfish Fresh - Skin Off
129-mef-427,Turkey Tenderloin Frozen
264-bgs-159,"Octopus - Baby, Cleaned"
998-fsu-544,Kirsch - Schloss
472-zzo-157,Calypso - Pineapple Passion
794-you-378,Chinese Foods - Thick Noodles
711-mjr-852,Carbonated Water - Raspberry
639-kmu-099,Peppercorns - Green
349-hwl-343,Sobe - Berry Energy
280-mgo-773,Longan
798-xri-351,Bread Crumbs - Japanese Style
645-dcg-534,Oil - Pumpkinseed
271-fxk-091,Cheese - Mix
956-qge-957,Muffin Mix - Banana Nut
530-hlt-150,"Bread - Roll, Canadian Dinner"
567-pqk-176,Peppercorns - Pink
442-gtd-576,Apple - Macintosh
435-iiw-989,Lemons
363-kok-086,"Flour - Buckwheat, Dark"
327-ask-797,Glass Clear 7 Oz Xl
197-dky-710,Wine - Ruffino Chianti
780-lrt-392,Bread - English Muffin
863-jyf-441,Wine - Marlbourough Sauv Blanc
237-bay-000,Tea - English Breakfast
952-zep-019,Wine - Chardonnay Mondavi
681-pct-524,Wine - Shiraz Wolf Blass Premium
046-nlv-598,Beets - Golden
823-sxy-641,Piping Jelly - All Colours
553-lmj-907,Soup - Campbells Mac N Cheese
754-wnl-123,Flower - Carnations
384-xaw-041,Bacardi Raspberry
363-lxa-026,Veal - Heart
897-kbm-680,Containter - 3oz Microwave Rect.
627-blk-791,Beef - Kobe Striploin
121-gcn-838,"Bread - Roll, Italian"
583-zwz-428,"Beans - Black Bean, Canned"
866-kmw-178,Beer - Steamwhistle
144-voo-029,Table Cloth 54x72 White
103-zvl-994,Container - Clear 16 Oz
382-zxh-692,Pork - Inside
298-ixr-043,"Chilli Paste, Ginger Garlic"
301-khh-749,Bread - 10 Grain Parisian
050-pmw-133,Icecream Cone - Areo Chocolate
832-kls-348,Flour - Rye
773-tdq-779,Relish
036-mgu-892,Rice - Long Grain
103-roa-884,Tea - Mint
573-tju-952,"Yogurt - Strawberry, 175 Gr"
894-rga-012,"Water - Spring Water, 355 Ml"
106-sgv-282,Cheese Cloth No 100
757-juh-766,Orange - Tangerine
398-ldi-450,"Hickory Smoke, Liquid"
335-tta-428,Cup - 4oz Translucent
308-nyh-411,Egg Patty Fried
265-pjt-621,Lobster - Base
885-eok-331,White Baguette
189-msi-899,"Pork - Tenderloin, Frozen"
985-sfs-127,V8 - Berry Blend
316-asb-753,Soup Campbells Split Pea And Ham
231-ele-469,Ham - Cooked Bayonne Tinned
615-rnw-478,Wine - Conde De Valdemar
655-nlm-626,"Chicken - Breast, 5 - 7 Oz"
473-mrm-170,Sausage - Meat
559-znc-255,"Octopus - Baby, Cleaned"
276-gmw-587,Vodka - Moskovskaya
583-clo-764,"Brocolinni - Gaylan, Chinese"
487-mny-012,Lobak
694-hce-136,Ginger - Pickled
713-xwd-167,Broom - Angled
976-zby-658,Ice Cream Bar - Rolo Cone
147-thv-985,"Pasta - Spaghetti, Dry"
641-iut-601,"Lamb - Leg, Boneless"
069-unv-249,Jicama
663-gey-453,Tomatoes - Cherry
267-hef-517,Pork - Belly Fresh
570-dff-210,Cheese - Cream Cheese
170-lgc-986,Alize Gold Passion
502-bpc-579,Island Oasis - Strawberry
266-utk-896,The Pop Shoppe - Lime Rickey
177-ndl-971,"Cheese - Havarti, Roasted Garlic"
955-uta-931,Bananas
119-wwf-892,Anisette - Mcguiness
122-vjq-233,Currants
706-kii-157,"Oregano - Dry, Rubbed"
454-aku-743,Icecream - Dibs
517-vrj-060,Island Oasis - Lemonade
953-tap-904,Sauce - Fish 25 Ozf Bottle
058-rfs-235,Almonds Ground Blanched
343-wzq-904,Coffee - Decafenated
043-sae-066,Calypso - Strawberry Lemonade
693-dlr-944,Cake - Lemon Chiffon
556-xju-509,Chips Potato All Dressed - 43g
348-jgp-699,Kellogs All Bran Bars
554-bho-640,"Syrup - Monin, Amaretta"
395-xxb-029,Curry Paste - Madras
068-ufb-681,"Beans - Kidney, Red Dry"
445-osq-679,Basil - Seedlings Cookstown
577-ipv-610,Pasta - Orecchiette
497-btc-761,Sage Ground Wiberg
856-ztm-464,Icecream Cone - Areo Chocolate
503-obp-384,Bar Special K
830-tnu-163,"Club Soda - Schweppes, 355 Ml"
152-afv-892,Oregano - Fresh
671-yjz-355,Celery Root
419-cws-447,Onions - Red
994-qth-828,Bread Sour Rolls
200-mfr-811,Wine - Casablanca Valley
758-yso-120,Chevril
909-rjh-349,"Bread - Roll, Soft White Round"
539-snk-791,Sping Loaded Cup Dispenser
292-sab-882,"Placemat - Scallop, White"
969-dai-256,"Salmon - Atlantic, Fresh, Whole"
598-hus-225,Appetizer - Sausage Rolls
822-rrw-004,Pepper - Chili Powder
210-pub-010,Beef - Tenderloin
697-cnb-590,Ecolab - Medallion
629-nte-295,Sprouts Dikon
659-xix-520,Hot Chocolate - Individual
878-pdr-486,Kirsch - Schloss
557-nvz-308,Wine - Montecillo Rioja Crianza
904-eus-056,"Pepsi, 355 Ml"
220-waz-728,"Lobster - Baby, Boiled"
793-ryy-138,Grenadine
122-dsb-380,Pasta - Orecchiette
942-agz-142,Shrimp - Black Tiger 26/30
891-wjb-906,Pie Pecan
348-kum-264,Salt - Seasoned
340-vzx-126,Salt - Kosher
455-pig-666,Pop - Club Soda Can
301-klz-141,"Soup - Canadian Pea, Dry Mix"
920-yni-393,Pail With Metal Handle 16l White
909-ela-448,Alize Red Passion
883-ktu-363,Wine - Chardonnay South
248-snh-911,"Bread - Roll, Soft White Round"
101-gds-855,Bread - Triangle White
871-cca-644,Tandoori Curry Paste
124-qgk-892,"Salmon - Atlantic, Fresh, Whole"
094-tft-302,Energy - Boo - Koo
267-egk-632,Table Cloth 53x69 White
673-mbn-468,Spinach - Spinach Leaf
675-pjw-192,Muffin Mix - Oatmeal
325-iac-381,Yoplait - Strawbrasp Peac
031-pwr-656,Squid - U 5
669-gdy-810,Foam Cup 6 Oz
351-yhu-155,Cheese - Brie
463-ccd-563,Tofu - Soft
654-vgt-175,"Bag - Bread, White, Plain"
302-anv-811,Lettuce - Boston Bib
894-gds-755,Pastry - Banana Tea Loaf
653-gbf-078,"Turnip - White, Organic"
436-mox-324,Pork Casing
273-xxg-731,Wine - Pinot Noir Pond Haddock
792-xuq-279,"Doilies - 7, Paper"
700-uau-817,"Wine - Red, Metus Rose"
463-jtp-472,Rice Paper
847-qzr-758,"Trout - Rainbow, Frozen"
322-aux-741,Wine - Riesling Alsace Ac 2001
169-fsf-215,Swiss Chard
519-bmi-875,Halibut - Fletches
214-dha-887,Pastry - French Mini Assorted
313-lmv-302,Sauce - Plum
085-pww-834,Huck Towels White
897-axs-091,Ostrich - Fan Fillet
291-vsb-126,Jolt Cola - Electric Blue
441-cyc-331,"Pepper - Black, Whole"
384-xek-200,Vinegar - Balsamic
818-sgm-695,"Beans - Kidney, Canned"
979-imr-983,"Veal - Inside Round / Top, Lean"
924-lhq-868,Anchovy Paste - 56 G Tube
274-vrz-191,"Beef - Kindney, Whole"
476-vvb-087,"Chicken - White Meat, No Tender"
989-bss-782,"Juice - Orange, 341 Ml"
181-wxr-934,Basil - Pesto Sauce
104-zwc-561,Kiwano
515-qyh-002,Pastrami
258-iui-632,Shortbread - Cookie Crumbs
122-xdn-967,Pear - Asian
522-tjw-500,Soup - Campbells Beef Strogonoff
961-qng-954,Salmon Steak - Cohoe 6 Oz
740-sxg-342,Cookies - Englishbay Wht
542-llw-295,Sobe - Green Tea
100-osk-761,Juice - Happy Planet
974-fpw-156,Spice - Peppercorn Melange
643-fuq-233,Soho Lychee Liqueur
889-bhy-039,Turkey Tenderloin Frozen
723-tgy-508,Bread - Pain Au Liat X12
165-cux-039,Artichokes - Jerusalem
605-hti-712,"7up Diet, 355 Ml"
554-opt-876,Lamb - Loin Chops
718-wek-752,Juice - Ocean Spray Cranberry
353-ztl-165,Scallops - In Shell
057-zre-814,Shrimp - Black Tiger 8 - 12
790-lug-642,Ecolab Silver Fusion
233-ntr-473,Nori Sea Weed - Gold Label
754-ukj-134,Wine - Chardonnay Mondavi
269-qsm-961,Extract - Rum
649-xar-037,Table Cloth 120 Round White
348-yex-560,Wine - Domaine Boyar Royal
140-cdu-767,Peas - Frozen
375-muj-050,Dill Weed - Fresh
973-nam-222,"Shrimp - Baby, Cold Water"
305-gsu-405,Creme De Menthe Green
681-bdw-394,Beer - Upper Canada Lager
617-iif-091,Flour Pastry Super Fine
114-scs-451,Parasol Pick Stir Stick
582-zzv-382,Pate - Liver
704-cco-548,Tequila - Sauza Silver
779-qki-628,Pepsi - 600ml
656-xdw-381,Milk - Skim
242-vsr-334,Beef - Ground Medium
469-hpw-751,"Bread - Multigrain, Loaf"
515-fit-775,Thermometer Digital
998-bdh-754,Hipnotiq Liquor
513-ume-674,Lettuce - Sea / Sea Asparagus
775-hkh-184,Basil - Pesto Sauce
426-ewh-404,Monkfish - Fresh
454-qha-157,Pomegranates
742-zvu-841,Pastry - Apple Muffins - Mini
442-ucy-295,"Tendrils - Baby Pea, Organic"
645-sbt-453,Tart - Pecan Butter Squares
123-ftu-667,Kippers - Smoked
554-vmh-118,Sugar - Cubes
156-wxr-411,Pepper Squash
236-sqb-628,Nut - Macadamia
519-jnw-252,Energy Drink - Franks Original
567-bra-005,Tea - Herbal - 6 Asst
932-cch-581,Pepperoni Slices
392-jro-656,Mayonnaise
876-zhm-114,Wine - Two Oceans Sauvignon
802-gle-750,Chickensplit Half
743-bct-253,Tuna - Loin
375-khr-101,Garlic
489-coq-485,Rice - 7 Grain Blend
506-vnq-313,Salt - Kosher
434-zcs-354,"Champagne - Brights, Dry"
454-chg-963,Campari
266-oqw-341,Wine - Penfolds Koonuga Hill
040-asj-056,Wine - Soave Folonari
626-sba-719,Beer - Moosehead
588-veu-588,Lobster - Base
872-cwi-262,Capers - Ox Eye Daisy
603-mgl-998,"Tuna - Canned, Flaked, Light"
475-nfi-454,Calvados - Boulard
125-qev-277,Puree - Passion Fruit
814-qbg-955,Fond - Chocolate
651-tzb-943,Apple - Northern Spy
150-jws-961,Ham - Procutinni
013-uoi-002,"Dill - Primerba, Paste"
334-pom-555,Dry Ice
173-pmj-273,Raisin - Dark
109-ztt-959,"Tortillas - Flour, 12"
882-qub-650,Milk - 2%
461-kup-904,Vector Energy Bar
864-ecl-408,Wine - Beaujolais Villages
339-pmu-994,"Wine - Magnotta, White"
371-rtf-237,Banana - Leaves
263-dix-628,Mushroom - King Eryingii
537-frh-795,"Star Anise, Whole"
587-xkx-643,Wasabi Powder
724-hxc-770,"Napkin - Beverge, White 2 - Ply"
734-kry-052,"Mushroom - Trumpet, Dry"
257-zek-496,Beer - Molson Excel
220-lfd-144,Sultanas
739-tsz-171,"Nut - Peanut, Roasted"
978-vet-948,Food Colouring - Pink
252-xii-903,Chocolate Bar - Reese Pieces
212-ujy-006,Bread - French Stick
703-efa-768,Wine - Rosso Del Veronese Igt
060-joo-457,Isomalt
037-fvd-645,Bagelers
183-bsv-574,"Bread - Sticks, Thin, Plain"
883-puz-019,Russian Prince
068-spk-518,Kellogs Cereal In A Cup
284-vop-308,Vinegar - Balsamic
496-xmy-896,Russian Prince
360-xzj-234,Lettuce - Treviso
096-nig-847,Kellogs Cereal In A Cup
761-jpd-331,Celery
141-zko-653,Juice - Prune
920-fzq-677,Tomato - Green
243-lva-154,Southern Comfort
752-mxv-353,"Flour - Bran, Red"
267-pjd-322,Sugar - Crumb
773-cqb-979,Wine - Riesling Dr. Pauly
697-trq-486,Turkey Leg With Drum And Thigh
663-gmy-470,Calypso - Pineapple Passion
829-mud-275,Ecolab Silver Fusion
068-tqf-411,Saskatoon Berries - Frozen
855-vfj-666,Jam - Apricot
386-gmj-312,Juice - Ocean Spray Kiwi
648-sjx-011,Cookie Dough - Double
530-tsc-569,Tart - Butter Plain Squares
461-slf-460,Bread - Multigrain
757-tmo-482,Onions - Cooking
397-thk-143,Pastry - Plain Baked Croissant
289-wuz-329,Beef Dry Aged Tenderloin Aaa
824-ave-733,Ecolab Silver Fusion
564-dee-086,Juice - V8 Splash
422-ciy-366,Beef - Texas Style Burger
236-giv-510,Flower - Leather Leaf Fern
284-omt-207,Urban Zen Drinks
244-xud-164,Creme De Menth - White
502-zqc-011,Ice Cream Bar - Hagen Daz
598-myo-129,Lychee
964-ult-532,"Crab - Dungeness, Whole, live"
047-hij-324,Stainless Steel Cleaner Vision
791-zvi-559,Yoplait - Strawbrasp Peac
584-pum-090,"Soda Water - Club Soda, 355 Ml"
759-lnw-672,Tomato - Plum With Basil
525-hol-254,Beer - Upper Canada Light
847-jbo-160,Cheese - Comte
816-oiv-169,Flour - Fast / Rapid
597-edc-442,Brandy - Bar
286-las-041,"Lemonade - Strawberry, 591 Ml"
500-fny-187,Muffin Mix - Chocolate Chip
315-egy-945,Mushroom - Porcini Frozen
229-ugt-207,Sauce - Vodka Blush
509-cpw-115,"Potatoes - Yukon Gold, 80 Ct"
935-ijf-686,Taro Root
983-fai-747,Wine - Muscadet Sur Lie
221-feh-082,Puree - Strawberry
988-nmq-980,"Garlic - Primerba, Paste"
867-qrr-588,Pork - Backs - Boneless
827-ock-565,Milkettes - 2%
737-klh-424,Coriander - Seed
743-gvs-436,"Tart Shells - Savory, 2"
482-ezq-521,Chocolate Eclairs
534-bgr-924,Foam Espresso Cup Plain White
859-yvt-415,Sobe - Tropical Energy
824-ylk-827,Creme De Cacao White
234-gjm-498,Cactus Pads
548-riz-991,"Olives - Green, Pitted"
275-ryp-933,Poppy Seed
698-eip-666,Gooseberry
263-lzf-749,Pails With Lids
241-clo-851,Mushroom - Lg - Cello
965-vju-442,Wine - Sauvignon Blanc Oyster
015-mqq-313,Chicken - Base
799-jxx-119,Brandy Apricot
501-gva-628,"Spoon - Soup, Plastic"
338-gyt-282,Mikes Hard Lemonade
915-yfa-063,Tomatoes - Roma
195-bom-735,Raspberries - Frozen
550-fee-923,Table Cloth 53x69 White
138-fcz-960,"Pork - Bacon, Double Smoked"
370-xyi-546,Mousse - Mango
822-toi-911,"Beef - Tongue, Fresh"
264-ayk-410,Aspic - Amber
415-sxc-706,Praline Paste
804-jsb-982,"Split Peas - Green, Dry"
873-urp-397,Tequila - Sauza Silver
650-epd-782,Carbonated Water - Lemon Lime
606-gtd-138,Soup Knorr Chili With Beans
162-alh-379,"Chestnuts - Whole,canned"
236-fby-174,Campari
170-sgn-344,Saskatoon Berries - Frozen
777-xsb-616,Soap - Pine Sol Floor Cleaner
896-kzs-565,Ice Cream Bar - Drumstick
157-kal-589,Lettuce - Arugula
276-vph-650,Truffle - Peelings
081-wpc-189,Pears - Bartlett
228-vwu-147,Petit Baguette
418-mke-740,"Mushroom - Porcini, Dry"
769-fqi-378,Pasta - Orecchiette
562-krw-183,Muffin - Mix - Mango Sour Cherry
347-jjv-853,"Juice - Grapefruit, 341 Ml"
185-xxb-166,Smoked Tongue
049-exh-608,Muffin Batt - Carrot Spice
018-fuk-113,Sansho Powder
222-nxm-079,Vinegar - Rice
680-smk-014,"Soup - Knorr, French Onion"
084-cqb-144,"Mustard - Dry, Powder"
533-oig-030,Flower - Potmums
562-thl-295,Vaccum Bag 10x13
327-tjb-691,Table Cloth 62x114 Colour
282-gxs-524,Bread - Assorted Rolls
647-vyk-317,Walkers Special Old Whiskey
538-une-528,Asparagus - Mexican
782-hig-650,"Lid - High Heat, Super Clear"
287-ruy-161,Oil - Canola
531-tjy-242,Wine - Bouchard La Vignee Pinot
798-mrk-562,"Fish - Halibut, Cold Smoked"
101-ocx-250,Pate - Liver
441-nvf-074,"Oil - Truffle, White"
443-jrz-507,V8 - Vegetable Cocktail
331-zqu-859,Coffee Guatemala Dark
101-fmr-495,Beer - Muskoka Cream Ale
626-qlr-012,Jolt Cola - Electric Blue
052-uzn-061,"Artichokes - Knobless, White"
988-xax-502,Truffle - Whole Black Peeled
610-nek-785,"Bread - Pumpernickle, Rounds"
626-dep-560,Basil - Seedlings Cookstown
557-dhb-739,Wonton Wrappers
987-hqy-143,Wine - Rhine Riesling Wolf Blass
425-xkn-289,Ecolab Crystal Fusion
560-rxa-386,Oil - Coconut
197-nkc-020,"Wine - Red, Antinori Santa"
276-xyy-737,Beer - Fruli
864-pvh-108,Pork - Ground
155-rop-353,Coffee - French Vanilla Frothy
663-axu-478,Bag Stand
286-ukl-148,Veal - Osso Bucco
805-utc-666,Wine - Maipo Valle Cabernet
422-cve-404,Tarts Assorted
537-zke-467,Vodka - Moskovskaya
378-fic-090,Sun - Dried Tomatoes
802-toa-259,"Coconut - Creamed, Pure"
492-rbb-333,"Beef - Bones, Cut - Up"
738-gdk-062,"Beef - Ox Tongue, Pickled"
887-ruo-316,Jameson Irish Whiskey
729-dbt-074,Wine - Barbera Alba Doc 2001
301-kkm-789,Burger Veggie
524-gtj-234,Temperature Recording Station
957-mhb-083,Crackers - Trio
876-eqf-261,Radish - Pickled
291-byc-038,Appetizer - Chicken Satay
035-jbz-536,"Stock - Veal, White"
102-sqq-045,Soup - Tomato Mush. Florentine
015-xnu-824,Ham - Proscuitto
543-fmz-111,"Ecolab - Orange Frc, Cleaner"
050-kkt-964,Lettuce - Treviso
157-keg-771,Wine - Chianti Classica Docg
862-tbw-529,"Pork - Bacon,back Peameal"
451-wbs-351,"Bread - White, Unsliced"
565-juw-612,"Tart Shells - Barquettes, Savory"
233-jcs-353,Campari
604-lps-519,Dikon
883-dyz-958,Lighter - Bbq
828-bgg-348,Puree - Kiwi
790-nez-839,Spaghetti Squash
516-hsm-474,Kellogs Special K Cereal
280-oad-768,Bread - Raisin
441-hsd-463,"Pork - Sausage, Medium"
143-evl-169,Skirt - 24 Foot
122-evb-621,Sauce - Sesame Thai Dressing
607-xae-672,Carbonated Water - Lemon Lime
813-sib-196,Appetizer - Seafood Assortment
697-dmc-914,Pastry - Lemon Danish - Mini
808-emr-276,Soy Protein
492-met-273,Campari
148-xnb-747,Truffle - Whole Black Peeled
153-ekh-832,"Mushroom - Oyster, Fresh"
590-rnw-573,Flour - Teff
969-dwk-400,Soup - Campbells Chili Veg
123-jga-511,Cheese - Cream Cheese
363-gys-519,Neckerchief Blck
495-cko-347,Sausage - Liver
195-jiz-356,Juice - Lime
175-xuu-251,Pork - Sausage Casing
704-yvo-988,Bar Mix - Lime
823-usm-001,Tofu - Soft
327-iky-459,"Brocolinni - Gaylan, Chinese"
220-lkr-927,"Lamb - Shoulder, Boneless"
348-wyn-159,Pastry - Cherry Danish - Mini
739-vfn-044,Lobster - Base
617-gzl-353,Rambutan
641-zib-531,"Pasta - Linguini, Dry"
390-hft-969,"Bread - White, Unsliced"
959-tbe-908,Bread - Raisin Walnut Pull
281-cvo-237,Lobster - Cooked
293-iws-107,Lettuce - Red Leaf
165-gjv-457,Calypso - Pineapple Passion
109-vuk-391,French Pastry - Mini Chocolate
830-oka-001,Shrimp - 31/40
248-ynn-094,Wine - Pinot Noir Latour
157-moq-157,Pickerel - Fillets
060-ydk-184,"Turkey - Breast, Boneless Sk On"
249-nog-441,"Tart Shells - Savory, 3"
885-vkm-232,Mushroom - Porcini Frozen
643-eip-922,Ginger - Ground
883-wzk-285,Milkettes - 2%
967-btg-340,"Nut - Pistachio, Shelled"
501-jkc-799,Jagermeister
872-tfb-619,Puree - Guava
808-tja-549,Nacho Chips
919-pds-626,Longos - Chicken Wings
097-uas-920,Egg Patty Fried
459-hkz-905,"Salmon - Whole, 4 - 6 Pounds"
805-rlr-333,Langers - Cranberry Cocktail
930-rqc-607,Bread - Raisin Walnut Oval
171-hya-351,Roe - White Fish
551-ycr-916,Ginger - Pickled
965-kkm-778,Pastry - Key Limepoppy Seed Tea
134-lmb-684,Rosemary - Fresh
411-luc-605,Jameson Irish Whiskey
265-ejc-722,Lamb Tenderloin Nz Fr
503-adf-580,Coffee Decaf Colombian
431-udt-396,Tea - Decaf 1 Cup
753-acv-894,Dawn Professionl Pot And Pan
868-jso-939,Lettuce - Radicchio
613-vuf-695,Veal - Striploin
235-xjz-027,Steampan - Foil
368-tdm-865,Sour Cream
171-sjy-295,"Wine - Red, Cooking"
017-mvc-208,Puree - Guava
338-rir-401,Salt - Sea
244-bbi-160,Wine - Jaboulet Cotes Du Rhone
035-qwc-491,Cookie Trail Mix
925-oia-175,Muffin - Zero Transfat
006-eeg-413,Beer - True North Lager
058-pte-977,"Tart Shells - Savory, 4"
563-bgj-690,Cattail Hearts
651-hwx-998,Bacardi Breezer - Tropical
985-jhm-590,Bok Choy - Baby
451-awq-564,Spice - Chili Powder Mexican
484-xgh-467,Beef - Flank Steak
284-yyu-518,Foil - 4oz Custard Cup
699-lhn-891,Jicama
269-gmg-651,Lamb Leg - Bone - In Nz
296-zvj-363,Lambcasing
680-qed-936,Cookies Oatmeal Raisin
442-cut-436,Bacardi Mojito
053-ykh-410,"Chicken - Thigh, Bone In"
123-kwc-569,Beef - Texas Style Burger
069-kre-361,Mcguinness - Blue Curacao
660-uom-180,Bread - Triangle White
421-bao-041,Squid Ink
162-xwc-360,Venison - Ground
751-lpm-107,Squeeze Bottle
976-nfz-866,Beef - Inside Round
622-uaj-939,Muffin Orange Individual
906-rtc-028,Uniform Linen Charge
363-loq-522,"Rice Pilaf, Dry,package"
749-uqa-670,Iced Tea Concentrate
868-kkq-659,Towel - Roll White
608-sdr-436,"Liners - Banana, Paper"
357-efk-695,Potatoes - Yukon Gold 5 Oz
792-gvt-475,Beer - Sleeman Fine Porter
657-nze-089,"Juice - Grapefruit, 341 Ml"
936-zhv-332,"Chilli Paste, Ginger Garlic"
520-txr-214,Nantucket - Pomegranate Pear
702-lsy-171,Table Cloth 53x69 White
740-ger-774,Burger Veggie
996-fgm-781,"Wine - Cahors Ac 2000, Clos"
812-joh-907,Shrimp - Black Tiger 26/30
822-zfe-028,Wine - Cabernet Sauvignon
527-anh-628,"Brandy - Orange, Mc Guiness"
586-wbv-532,Garam Marsala
089-ttt-021,Mustard - Individual Pkg
655-miu-692,Chocolate - Liqueur Cups With Foil
540-kzb-430,Towels - Paper / Kraft
744-eeg-295,Lettuce - Iceberg
316-xfz-953,Sauce - Plum
850-uvk-744,"Halibut - Whole, Fresh"
591-kle-127,Table Cloth 54x72 White
442-ctg-466,"Lemonade - Strawberry, 591 Ml"
241-rad-098,Steel Wool S.o.s
082-abl-173,Melon - Watermelon Yellow
680-kab-044,Cookies Cereal Nut
060-mav-259,Chutney Sauce - Mango
921-uyv-692,"Fish - Halibut, Cold Smoked"
127-ixb-720,Parsley - Dried
980-fnv-522,English Muffin
480-gxt-080,Oyster - In Shell
334-gac-248,Bread - White Epi Baguette
013-bge-012,"Nut - Hazelnut, Ground, Natural"
234-nwu-772,Beer - Muskoka Cream Ale
335-umh-175,"Chilli Paste, Sambal Oelek"
276-xad-506,"Gingerale - Schweppes, 355 Ml"
787-dfw-318,Beef - Sushi Flat Iron Steak
933-bjd-058,Muffin Batt - Choc Chk
139-trg-066,Sage Derby
694-oka-636,Tomatoes - Heirloom
738-ymp-629,Ocean Spray - Ruby Red
064-ivq-330,Beef - Top Butt Aaa
269-bbt-581,Bagelers
092-yxy-631,Lamb - Ground
089-rds-901,Chocolate - Mi - Amere Semi
744-xnp-904,"Pepper - Black, Ground"
655-dlx-927,Huck White Towels
306-zfd-613,Cup - 8oz Coffee Perforated
577-onc-722,Quail - Jumbo Boneless
256-fhr-878,"Pork - Loin, Boneless"
206-wht-104,Dc Hikiage Hira Huba
602-hcd-933,Salt - Seasoned
544-epf-217,Tomatoes - Roma
282-ofc-949,Pork - Bacon Cooked Slcd
622-wia-621,Basil - Thai
927-fsu-596,Bandage - Finger Cots
815-hfj-018,Vinegar - White
324-wcd-025,Longos - Greek Salad
834-cer-965,Water - Evian 355 Ml
035-pto-580,Pheasants - Whole
289-vig-132,Ice Cream - Vanilla
678-irk-120,Basil - Thai
296-ysj-608,Wine - Cave Springs Dry Riesling
791-nuq-978,Onions - Red Pearl
955-lfw-472,Chicken Thigh - Bone Out
429-mbp-493,Broom Handle
171-rrb-743,Banana
362-zes-403,Steamers White
573-ltu-170,Island Oasis - Magarita Mix
216-tvy-728,"Vermacelli - Sprinkles, Assorted"